<?xml version="1.0" encoding="UTF-8"?>
<!--
  Driver definitions, part of TORCSLink
	Copyright(C) 2014 Owen McAree

	This program is free software : you can redistribute it and / or modify
	it under the terms of the GNU General Public License as published by
	the Free Software Foundation, either version 3 of the License, or
	(at your option) any later version.

	This program is distributed in the hope that it will be useful,
	but WITHOUT ANY WARRANTY; without even the implied warranty of
	MERCHANTABILITY or FITNESS FOR A PARTICULAR PURPOSE.See the
	GNU General Public License for more details.

	You should have received a copy of the GNU General Public License
	along with this program.If not, see <http://www.gnu.org/licenses/>.
-->

<!DOCTYPE params SYSTEM "../../libs/tgf/params.dtd">

<params name="matlab" type="robotdef">
  <section name="Robots">
    <section name="index">

      <section name="0">
        <attstr name="name" val="matlab 0"></attstr>
        <attstr name="desc" val=""></attstr>
        <attstr name="team" val="matlab"></attstr>
        <attstr name="author" val="Owen McAree"></attstr>
        <attstr name="car name" val="p406"></attstr>
        <attnum name="race number" val="0"></attnum>
        <attnum name="red" val="1.0"></attnum>
        <attnum name="green" val="0.0"></attnum>
        <attnum name="blue" val="1.0"></attnum>
      </section>

      <section name="1">
        <attstr name="name" val="matlab 1"></attstr>
        <attstr name="desc" val=""></attstr>
        <attstr name="team" val="matlab"></attstr>
        <attstr name="author" val="Owen McAree"></attstr>
        <attstr name="car name" val="p406"></attstr>
        <attnum name="race number" val="1"></attnum>
        <attnum name="red" val="1.0"></attnum>
        <attnum name="green" val="0.0"></attnum>
        <attnum name="blue" val="1.0"></attnum>
      </section>

      <section name="2">
        <attstr name="name" val="matlab 2"></attstr>
        <attstr name="desc" val=""></attstr>
        <attstr name="team" val="matlab"></attstr>
        <attstr name="author" val="Owen McAree"></attstr>
        <attstr name="car name" val="p406"></attstr>
        <attnum name="race number" val="2"></attnum>
        <attnum name="red" val="1.0"></attnum>
        <attnum name="green" val="0.0"></attnum>
        <attnum name="blue" val="1.0"></attnum>
      </section>

      <section name="3">
        <attstr name="name" val="matlab 3"></attstr>
        <attstr name="desc" val=""></attstr>
        <attstr name="team" val="matlab"></attstr>
        <attstr name="author" val="Owen McAree"></attstr>
        <attstr name="car name" val="p406"></attstr>
        <attnum name="race number" val="3"></attnum>
        <attnum name="red" val="1.0"></attnum>
        <attnum name="green" val="0.0"></attnum>
        <attnum name="blue" val="1.0"></attnum>
      </section>

      <section name="4">
        <attstr name="name" val="matlab 4"></attstr>
        <attstr name="desc" val=""></attstr>
        <attstr name="team" val="matlab"></attstr>
        <attstr name="author" val="Owen McAree"></attstr>
        <attstr name="car name" val="p406"></attstr>
        <attnum name="race number" val="4"></attnum>
        <attnum name="red" val="1.0"></attnum>
        <attnum name="green" val="0.0"></attnum>
        <attnum name="blue" val="1.0"></attnum>
      </section>

      <section name="5">
        <attstr name="name" val="matlab 5"></attstr>
        <attstr name="desc" val=""></attstr>
        <attstr name="team" val="matlab"></attstr>
        <attstr name="author" val="Owen McAree"></attstr>
        <attstr name="car name" val="p406"></attstr>
        <attnum name="race number" val="5"></attnum>
        <attnum name="red" val="1.0"></attnum>
        <attnum name="green" val="0.0"></attnum>
        <attnum name="blue" val="1.0"></attnum>
      </section>

      <section name="6">
        <attstr name="name" val="matlab 6"></attstr>
        <attstr name="desc" val=""></attstr>
        <attstr name="team" val="matlab"></attstr>
        <attstr name="author" val="Owen McAree"></attstr>
        <attstr name="car name" val="p406"></attstr>
        <attnum name="race number" val="6"></attnum>
        <attnum name="red" val="1.0"></attnum>
        <attnum name="green" val="0.0"></attnum>
        <attnum name="blue" val="1.0"></attnum>
      </section>

      <section name="7">
        <attstr name="name" val="matlab 7"></attstr>
        <attstr name="desc" val=""></attstr>
        <attstr name="team" val="matlab"></attstr>
        <attstr name="author" val="Owen McAree"></attstr>
        <attstr name="car name" val="p406"></attstr>
        <attnum name="race number" val="7"></attnum>
        <attnum name="red" val="1.0"></attnum>
        <attnum name="green" val="0.0"></attnum>
        <attnum name="blue" val="1.0"></attnum>
      </section>

      <section name="8">
        <attstr name="name" val="matlab 8"></attstr>
        <attstr name="desc" val=""></attstr>
        <attstr name="team" val="matlab"></attstr>
        <attstr name="author" val="Owen McAree"></attstr>
        <attstr name="car name" val="p406"></attstr>
        <attnum name="race number" val="8"></attnum>
        <attnum name="red" val="1.0"></attnum>
        <attnum name="green" val="0.0"></attnum>
        <attnum name="blue" val="1.0"></attnum>
      </section>

      <section name="9">
        <attstr name="name" val="matlab 9"></attstr>
        <attstr name="desc" val=""></attstr>
        <attstr name="team" val="matlab"></attstr>
        <attstr name="author" val="Owen McAree"></attstr>
        <attstr name="car name" val="p406"></attstr>
        <attnum name="race number" val="9"></attnum>
        <attnum name="red" val="1.0"></attnum>
        <attnum name="green" val="0.0"></attnum>
        <attnum name="blue" val="1.0"></attnum>
      </section>

    </section>
  </section>
</params>
